Wallet;Owner
0xcd3d96994d604664082a1ea87122bf87bdec00fa;Daniboo
0xb9242d4612686cc22e287ecb4b39fd8d18f8fd82;None
0x61cbe94e7e2f7054e6ab471a067a91b515dbaad4;Darkenvolk
0x911bd2d6acbd96f4ffb16f795202cff246f294ad;Pannk
0x1f7be7df00a5206219ed2a4355bd25ad7e52b29b;None
0xf942ff9d8b210ef5a7904fe188a96bef065a0c25;None
0x5dd7874bc2a39153f787ccbb6e0dcb742732b08e;Negresco
0x885bd188107b3f541434cfad40facc257189ac88;None
0x1f85d5b2e9b1867fd2aec2a9215f94900ce470ea;Meena
0xaa1e7777329c411b6763b547c3e6cadc4dcf4194;Reservada 2
0x0df795b1216478e7fec5b43664fec1a4b9a1a65e;None
0xae78c1a9ee6e90281450310243fb627be44c5415;None
0x81995f24a5111678caaa5857f9b53a58d95cb23e;None
0xc23e5c89a261b30ec988730870172d1dd55a91b2;None
